Date,y_true,y_pred
2022-01-04,0.0164571731952275,0.00073480175
2022-01-05,-0.0142604446651285,-7.167962e-05
2022-01-06,-0.0003990915590836,-0.0019918417
2022-01-07,-0.0179205018282985,0.00017429914
2022-01-11,0.0042575033698816,0.0016714885
2022-01-12,0.0058497918784672,-0.00048536411
2022-01-13,-0.0145870884859519,-0.00040750686
2022-01-14,-0.0141816805004056,-0.00058092445
2022-01-18,-0.0018647641962232,-0.00012443683
2022-01-19,-0.0127309769037293,-0.00042557402
2022-01-20,-0.0116194724602868,-0.0008997596
2022-01-21,0.0048755476415951,0.00023053255
2022-01-24,0.032250717580072,0.00013041569
2022-01-25,0.0061237120454949,-0.0006810413
2022-01-26,-0.0016292760108762,-0.0003203261
2022-01-27,-0.0106558791018776,-0.0014259295
2022-01-28,0.0024691006124393,0.0010137782
2022-01-31,-0.0020571887089589,0.0037508057
2022-02-01,0.0096322085287581,-0.00024736632
2022-02-02,0.0155827057028215,-0.00046062982
2022-02-03,-0.0066486275616839,-0.0008566383
2022-02-04,-0.022279787678854,0.00015133695
2022-02-07,0.0214709576191994,-0.00029218936
2022-02-08,0.0072565261831238,-4.0772436e-05
2022-02-09,-0.0117173289778239,-4.0772436e-05
2022-02-10,-0.0100071121075012,0.00010743988
2022-02-14,-0.01426394030373,0.0038621323
2022-02-15,-0.0325884803108196,-0.0013788678
2022-02-16,0.018329549082344,2.9605239e-05
2022-02-17,-0.0131805039594996,3.1375825e-05
2022-02-18,-0.0133563727868103,0.0013598835
2022-02-22,0.0017332430634819,-0.00017637259
2022-02-24,-0.0141720250329097,0.005507912
2022-02-25,-0.0204089992899163,0.00076392235
2022-02-28,-0.0381454189995916,0.0015460346
2022-03-01,0.0032542229219045,-0.00071124436
2022-03-02,0.0279194640307612,-0.000843188
2022-03-03,-0.0189094857517048,-0.00057001325
2022-03-04,-0.021151099703771,0.019670371
2022-03-07,-0.0244929270173003,-0.045761794
2022-03-08,0.0014432277416734,-0.008838124
2022-03-09,0.0774506651630834,-0.018471604
2022-03-10,-0.005130010537475,-0.005692037
2022-03-11,0.014209927708135,-0.011960483
2022-03-14,0.0024221333863494,-0.012275498
2022-03-15,-0.0066198868372559,-0.020102125
2022-03-16,0.0052994837099059,-0.007268162
2022-03-17,-0.0079594264429549,-0.008644798
2022-03-18,0.0033241454444509,-0.01060184
2022-03-22,0.0168919150975154,-0.009133059
2022-03-23,-0.002832015981606,0.0072574927
2022-03-24,-0.015166750892202,-0.011069233
2022-03-25,0.0164747762788377,-0.007973782
2022-03-28,0.017493345953308,0.0016330279
2022-03-29,-0.0185833085497491,0.00088686415
2022-03-30,-0.0131724255304845,0.00068686437
2022-03-31,-0.0079875911621389,0.0015980097
2022-04-01,0.0008905032919647,-0.0002861244
2022-04-04,-0.0125421286345087,-1.4159268e-05
2022-04-05,-0.0031601958208562,0.00055193726
2022-04-06,0.013028154452526,0.00055193726
2022-04-07,-0.0130281544525261,0.0005460764
2022-04-08,-0.0084005505149357,-0.0003592082
2022-04-11,-0.0059456631915349,0.00055193726
2022-04-12,-0.0194540667780873,-0.00024232158
2022-04-13,-0.0089263691216296,0.00025858398
2022-04-14,-0.0073416773080637,0.0015980097
2022-04-19,-0.0221110086821008,0.0011748234
2022-04-20,0.0115971628874207,0.00014889917
2022-04-21,0.0143097937290614,-0.0074060564
2022-04-22,-0.0312677501793298,-0.008473309
2022-04-25,-0.0292532587450611,-0.008544484
2022-04-26,0.0047683472110927,0.011144901
2022-04-27,-0.0070351361558996,-0.00784818
2022-04-28,-0.0065772796684742,-0.00784818
2022-05-06,0.0272891575204408,-0.03197499
2022-05-09,-0.0039592942485851,-0.03163955
2022-05-10,0.0242509808742717,-0.00837277
2022-05-11,-0.0242509808742716,-0.005624525
2022-05-12,0.0157444870148868,-0.0061401906
2022-05-13,0.004140697732241,-0.008270784
2022-05-16,0.0075072205020142,-0.005624525
2022-05-17,-0.0175232042734654,-0.016760945
2022-05-18,0.0048982631108098,-0.023037013
2022-05-19,0.0155154703880281,-0.01060184
2022-05-20,0.01148066337478,-0.008428005
2022-05-23,0.0139335471545355,0.006572208
2022-05-24,-0.0070605071229038,0.0068487413
2022-05-25,0.0061218646706068,-0.0021098102
2022-05-26,0.0030470810499902,-0.0011008808
2022-05-27,0.0053681857494892,-0.0008646226
2022-05-31,-0.0239475043108765,0.0008151285
2022-06-01,-0.0111220645299695,-0.0008585659
2022-06-06,-0.0356384782726301,-0.00043753794
2022-06-07,0.013762377878503,-0.0011207018
2022-06-08,0.0130848440304483,-0.00043753794
2022-06-09,-0.0311395794679596,0.0029239326
2022-06-10,0.0037882624883355,-0.0006781676
2022-06-13,0.0160043834068783,0.004905665
2022-06-14,-0.0180229971007092,-0.00030399038
2022-06-15,0.0030264463129851,-0.00030399038
2022-06-16,0.0233958402892809,0.0055535138
2022-06-17,0.0012291569259164,0.0005226586
2022-06-21,-0.0061614570606032,0.0007867964
2022-06-22,-0.0039631250433708,-0.004287815
2022-06-23,-0.0047269906190101,-0.0016348963
2022-06-24,-0.0062541425011293,0.0006416484
2022-06-27,-0.0078094732292783,-0.0005841206
2022-06-28,-0.0060883272841305,0.00031422306
2022-06-29,0.0199023504725524,0.00031422306
2022-06-30,0.0,0.00031422306
2022-07-01,-0.0270524799399097,0.00031422306
2022-07-05,-0.0038517007422204,-0.00019526866
2022-07-06,-0.0023180132765093,-4.8324895e-05
2022-07-07,-0.0090662564385545,0.0007885921
2022-07-08,0.0051908849598014,0.0003770192
2022-07-11,0.0232835422489705,0.004160661
2022-07-12,-0.0043086763120313,-0.012496171
2022-07-13,0.011365103882058,-0.012496171
2022-07-14,-0.0100959056030705,-0.00098658
2022-07-15,0.0035452300239887,-0.00135395
2022-07-19,-0.0078670507693179,-0.000269396
2022-07-20,0.0184278441797995,0.0005775508
2022-07-21,0.004243075410061,0.0053322716
2022-07-22,-0.0047436159240206,0.0030714567
2022-07-25,-0.0085448411461314,0.00083323143
2022-07-26,-0.0048070161625898,0.0006064158
2022-07-27,0.0078312779776214,-0.0021330023
2022-07-28,0.0070210389316441,-0.00044338682
2022-07-29,0.0009990228808633,-0.00096239534
2022-08-01,0.0012473511051617,-0.00030071355
2022-08-02,-0.0037468335865695,-0.0008547637
2022-08-03,0.012434894743185,-0.0006033469
2022-08-04,0.0144770434697162,-0.0006718284
2022-08-05,-0.0046391720641328,-0.0012436158
2022-08-08,-0.0002447482541951,-0.0012436158
2022-08-09,-0.0041703158146715,0.00044419267
2022-08-10,-0.00566997557458,0.0011532238
2022-08-12,-0.0136903378231265,0.0007957261
2022-08-15,-0.0088104336224361,0.0006895583
2022-08-16,0.0052955695246728,0.0005443093
2022-08-17,-0.0002515203185725,0.0006895583
2022-08-18,0.0214046078780401,-0.00025478998
2022-08-19,-0.0148851413578377,-0.00485068
2022-08-22,-0.0181593722981819,-0.0013672102
2022-08-23,0.0035570442033987,0.0012094356
2022-08-24,-0.007893091288005,-0.0008090488
2022-08-25,-0.0092451541331477,0.0028053494
2022-08-26,-0.0119388849089981,-0.00013242592
2022-08-30,0.008838252179436,-0.00053205516
2022-08-31,-0.0054496966368027,0.0009632008
2022-09-01,0.014723322945282,-0.00027494787
2022-09-02,0.0147621448327018,-0.00062081206
2022-09-06,-0.0313085817313085,-0.0017523624
2022-09-07,0.0049407705875237,0.0008772926
2022-09-08,-0.0106923842347194,0.0006258757
2022-09-09,-0.009219093593772,0.0038298375
2022-09-12,-0.0023844475242564,-0.00044074535
2022-09-13,-0.0168521420439459,0.0057369107
2022-09-14,-0.004867556304808,0.0004989378
2022-09-15,-0.0372816231516491,0.0003493599
2022-09-16,-0.0011262666335295,-0.0005690247
2022-09-20,0.0086947062264439,-0.0016195585
2022-09-21,-0.0225934758043121,-0.00063623145
2022-09-22,-0.0037200696648346,-0.0014783273
2022-09-26,0.0162096257402637,0.004893978
2022-09-27,0.0321981884416907,0.0016102648
2022-09-28,0.0005461053863104,0.0015420998
2022-09-29,-0.0060241895459557,-0.0052711694
2022-09-30,-0.021094203893257,-0.0010346698
2022-10-03,-0.0301846543449819,0.0019877232
2022-10-04,0.0011557606934118,0.0045909937
2022-10-05,0.00288339358038,0.002380226
2022-10-06,-0.0150857804744357,0.0031909954
2022-10-07,0.0271068525069838,0.013520503
2022-10-11,0.0002843145351887,0.0042583863
2022-10-12,-0.0183702525364908,0.0018865194
2022-10-13,0.0063529734525927,0.00177333
2022-10-14,0.0151409309203731,0.0026534759
2022-10-17,-0.0387331769785075,-0.0035334018
2022-10-18,0.0082183580998599,0.0018865194
2022-10-19,0.0162370032165616,0.0020791083
2022-10-20,-0.0077955839372065,0.0029199724
2022-10-21,-0.0061056008321979,0.003974888
2022-10-24,-0.0029204461811012,0.013630123
2022-10-25,0.0182586210366993,0.0028637608
2022-10-26,-0.0083633379951651,-0.0050546266
2022-10-27,0.0472306147319456,-0.005265656
2022-10-28,0.0005522888447462,-0.0058385194
2022-10-31,0.0071525859178952,-0.0076073236
2022-11-01,-0.0174205523236466,-0.007060656
2022-11-02,0.0356201375907351,-0.0073142615
2022-11-04,0.0268241967623995,-0.000612572
2022-11-07,-0.0060455415555774,0.0010954546
2022-11-08,0.0226777707694597,0.00048642277
2022-11-09,-0.0161082999392416,0.00067979726
2022-11-10,0.0018318087552738,-0.0027858468
2022-11-11,-0.0057682019275204,0.00081642356
2022-11-14,-0.0127020021768594,0.0007420264
2022-11-15,0.0023939612334188,0.0006526923
2022-11-16,0.0034478696102003,-0.0056424295
2022-11-17,-0.0045111570562695,-0.00056484714
2022-11-18,0.021313795919127,0.0013727511
2022-11-21,0.0284890433875589,0.0004915473
2022-11-22,-0.0032949415628888,-0.00056484714
2022-11-25,0.0038008454321838,0.001601288
2022-11-28,-0.0114461520627694,0.00024326486
2022-11-29,-0.0012799198495348,0.00037868117
2022-11-30,-0.0059086540257533,0.0016904012
2022-12-01,0.0120372998226643,0.00079122203
2022-12-02,-0.0066410306360945,0.005358307
2022-12-05,-0.0030800459983696,0.00502085
2022-12-06,0.0071255132475586,0.0051124166
2022-12-07,0.0005180785717281,0.0051124166
2022-12-08,-0.0233206579981524,0.0057589067
2022-12-09,0.0029118793617627,0.002394425
2022-12-12,0.0007926212060871,0.002394425
2022-12-13,-0.0002641372694694,0.0026816002
2022-12-14,0.008942604748639,0.0024418533
2022-12-15,-0.0089426047486391,0.0045857197
2022-12-16,-0.001321733889472,0.00051069335
2022-12-19,0.0,-0.0004897549
2022-12-20,0.0165293142456342,-0.001143499
2022-12-21,-0.0138872705780687,-0.00025374143
2022-12-22,0.0380528481510134,-0.0007068259
2022-12-23,-0.0030526387914933,-0.00075464696
2022-12-28,0.0206764847455917,-0.001143499
2022-12-29,0.0146170031630275,-0.0010479386
2022-12-30,0.0041722418542256,-0.0005018083
2023-01-04,0.0048862670045181,0.0037019036
2023-01-05,0.0065589714062895,-0.00075464696
2023-01-06,-0.0055846554442835,0.0007559179
2023-01-10,-0.0068407278438458,-0.00050323014
2023-01-11,0.007571039417904,0.0015705936
2023-01-12,0.0152121865603865,-5.9968075e-05
2023-01-13,0.0071633515042232,-2.3754394e-05
2023-01-17,0.0007136365119152,-6.1440725e-05
2023-01-18,0.0009503711180423,-6.1440725e-05
2023-01-19,0.0094563639871837,0.0007637177
2023-01-20,-0.004716860573406,0.0010093009
2023-01-23,-0.0202991295192122,0.0005529661
2023-01-24,-0.0021737089256537,0.0002681323
2023-01-25,0.0122552857543641,0.0002681323
2023-01-26,-0.0059888862088766,0.0010732822
2023-01-27,-0.0179397969032917,0.00041338123
2023-01-30,-0.0147858723392489,0.0008078636
2023-01-31,0.003964298058991,0.00019201257
2023-02-01,-0.0012370304413401,0.0005344791
2023-02-02,0.0046930958531715,-6.1440725e-05
2023-02-03,-0.0096572824490801,0.0003330417
2023-02-06,0.0081776881182424,-0.0059979437
2023-02-07,-0.0017290482795755,0.0013273405
2023-02-08,-0.0084410534320892,-0.0009230874
2023-02-09,0.0002493572249992,-0.0007098239
2023-02-10,-0.0110278042086148,-0.0007068259
2023-02-13,-0.0126807270460309,-0.00050323014
2023-02-14,-0.004861303845424,-0.001143499
2023-02-15,-0.0178552565285708,-9.296508e-05
2023-02-16,0.0052083074807213,-0.00084398634
2023-02-17,-0.0070377751118517,-0.001228812
2023-02-21,0.021222230837721,-0.0015058863
2023-02-22,0.0035789691688243,-0.0008090488
2023-02-24,0.0088910644550509,-0.005376059
2023-02-27,-0.0035469247517221,-0.0026940997
2023-02-28,-0.0168931925517906,-0.00079613976
2023-03-01,0.0041217714073888,-0.00015131495
2023-03-02,-0.0223561131685042,0.00085006387
2023-03-03,-0.0052714552305085,0.00040330327
2023-03-06,0.0015844098106183,0.0011014132
2023-03-07,0.0005274012408015,-0.00013175869
2023-03-08,-0.0172898119369074,0.0017625877
2023-03-09,0.0151780008854874,0.0022010962
2023-03-10,-0.0060967541154843,6.824985e-05
2023-03-13,0.0037154225181938,-0.0006835425
2023-03-14,0.0128965994710455,-0.00056278036
2023-03-15,0.0137647478516401,-0.0009030515
2023-03-16,-0.002582784312668,-0.004955338
2023-03-17,-0.0054454054050509,0.0002094811
2023-03-20,0.0141993129149574,0.000991295
2023-03-22,0.0028158274597241,0.0005487313
2023-03-23,0.0099200168737537,0.0006019073
2023-03-24,-0.0012662690473331,0.00081233314
2023-03-27,0.0020252000863582,0.0016355141
2023-03-28,0.0,-0.001957157
2023-03-29,-0.0078709238470524,-0.002988338
2023-03-30,0.0040701873039937,-0.001685192
2023-03-31,0.0070832065648142,-0.002105049
2023-04-03,-0.0070832065648141,-0.005501604
2023-04-04,0.0136159985497113,-0.0053486936
2023-04-05,-0.0052731198931333,0.0006255098
2023-04-06,0.0042707705086436,0.0010633176
2023-04-11,-0.001254198773552,0.0009900503
2023-04-12,-0.0100909324669944,-0.001120236
2023-04-13,-0.0015223941527922,0.0007957261
2023-04-14,-0.0094401626013271,-0.00025478998
2023-04-17,-0.0023098277369594,0.0003008269
2023-04-18,-0.0189346064045101,-0.00017483109
2023-04-19,0.0057443644706132,-0.00020514516
2023-04-20,0.0134472224414149,-0.00017483109
2023-04-21,0.0051244450367363,-0.0015734389
2023-04-24,-0.0131192984666972,-0.00017483109
2023-04-25,0.0141407956647877,-0.0002994011
2023-04-26,-0.0005105664456139,-0.00011256825
2023-04-27,-0.0035825285597717,0.00048704652
2023-04-28,-0.0118619959231908,-0.00011256825
2023-05-02,0.0182501931692639,-0.0070161014
2023-05-09,-0.0071575471657161,-0.0017988731
2023-05-10,0.0046071425788155,-0.0008090488
2023-05-11,-0.0053769808796061,-0.0004201968
2023-05-12,0.0007698383007905,-0.0012732324
2023-05-15,0.0081758698957941,-0.0017988731
2023-05-16,-0.0156434204239601,-0.00027494787
2023-05-17,-0.0075235237337203,-0.00037537384
2023-05-18,-0.002085702665626,-0.00027494787
2023-05-19,0.0175898810890447,-0.00050434464
2023-05-22,-0.0116057501650803,-0.00016878007
2023-05-23,-0.0093824382182786,-0.0021580064
2023-05-24,0.017649129099533,-0.00027494787
2023-05-25,0.0170900804144393,-0.0008090488
2023-05-26,-0.0002529130210368,-0.0017988731
2023-05-30,0.0088151320079365,-0.0017130511
2023-05-31,-0.0043053968757687,9.088245e-05
2023-06-01,0.0070814503828742,0.004676874
2023-06-02,0.0045260295733329,8.6852706e-05
2023-06-05,0.0020050231477633,5.5340766e-05
2023-06-06,0.0099651540595691,-0.005065922
2023-06-07,0.0074092335371396,-0.005172091
2023-06-08,0.0093070205779194,0.00092600187
2023-06-09,-0.0034188483480724,0.0005250839
2023-06-12,-0.0197633886655776,0.0001554575
2023-06-13,-0.0047519275848992,0.0007957261
2023-06-14,-0.0035158678731004,0.0012488114
2023-06-15,-0.0146986405939064,0.0007957261
2023-06-16,0.0033133750868779,-0.00017483109
2023-06-20,0.0101267195550578,-0.0004319384
2023-06-21,-0.0060636155852021,0.0006895583
2023-06-22,-0.0053361722343627,0.0006895583
2023-06-23,0.0078671654208245,-0.006658327
2023-06-26,0.0110609513208459,0.0012430765
2023-06-27,-0.0060182031023331,0.0007957261
2023-06-28,-0.0205825469131495,-0.00017483109
2023-06-29,0.0112332094065974,-0.00017483109
2023-06-30,0.0007612393425082,-6.8663336e-05
2023-07-03,0.0100961487653851,0.0007957261
2023-07-05,0.0221044110309619,0.0006895583
2023-07-06,0.0129349483561559,-0.0020314793
2023-07-07,-0.0055928085809428,0.0011532238
2023-07-10,-0.0061147001591604,0.00045496997
2023-07-11,-0.0019646469647568,0.0011532238
2023-07-12,-0.0074020202339508,-0.0036940677
2023-07-13,-0.0014869218915979,0.0007957261
2023-07-14,0.0135486056821988,0.0006895583
2023-07-18,0.0082846650716474,0.0006895583
2023-07-19,0.0058069653771092,-0.000708932
2023-07-20,-0.0123802778108563,0.0004236532
2023-07-21,0.0238940147043058,-0.00032008003
2023-07-24,0.0004769459301955,0.0007957261
2023-07-25,-0.0127148212026614,0.0007957261
2023-07-26,-0.0241916118811824,0.0005891323
2023-07-27,0.0039496667380472,-0.0018002318
2023-07-28,-0.0012325835266761,-0.0019121167
2023-07-31,-0.0014811481703199,-0.00075464696
2023-08-01,-0.0121784996519653,-0.0005018083
2023-08-02,0.0024973906304689,0.0026350846
2023-08-03,0.0014955461920717,0.0012254419
2023-08-04,-0.01961835679072,-0.0009230874
2023-08-07,-0.0114959953595198,-0.00075464696
2023-08-08,-0.0090332319501793,-0.0007453854
2023-08-09,0.0023305439664545,-0.0008387947
2023-08-10,-0.0067480219819705,-0.0007860009
2023-08-14,0.0023409541976729,0.00012832895
2023-08-15,-0.0020805308948131,-0.000187221
2023-08-16,0.0157565578535431,-0.00046504705
2023-08-17,-0.0038516739181246,-0.00011549938
2023-08-18,0.0010284956374644,-0.00031818263
2023-08-21,0.022364348083595,-0.0014167529
2023-08-22,-0.0032724038733672,-0.0027014029
2023-08-23,-0.0124320756721771,-0.002327142
2023-08-24,0.0116753433693809,-0.0016195585
2023-08-25,-0.0081075081101017,-0.00050960423
2023-08-29,-0.0056122106496969,-0.001858099
2023-08-30,-0.0118374840203665,-0.0012793881
2023-08-31,0.002068694290433,-0.0004591862
2023-09-01,0.0123237091264262,-0.0008753121
2023-09-05,-0.0030666669545863,-0.00019308184
2023-09-06,-0.0012805673088789,-0.0011267292
2023-09-07,0.0066409506671078,-0.0010730468
2023-09-08,-0.0038259256711753,-0.0013127754
2023-09-11,-0.0071814471124299,-0.0008753121
2023-09-12,-0.004126825254661,-0.0011267292
2023-09-13,-0.017468827254113,-0.0004825295
2023-09-14,0.0117663206091796,0.00088993355
2023-09-15,-0.0044287774328248,-0.00027494787
2023-09-19,-0.0141995467404811,-0.00062081206
2023-09-20,0.0015877564498793,-0.00027494787
2023-09-21,0.0026404947955039,-0.0005713662
2023-09-22,0.0007909495954001,-0.00044074535
2023-09-25,-0.0050192008407835,0.0007711247
2023-09-26,-0.0133300162601127,0.000610387
2023-09-27,-0.002956514294394,-0.00046147007
2023-09-28,0.0037614685957694,-6.966225e-05
2023-09-29,0.0143772349687529,-0.00046147007
2023-10-02,0.0094711511991472,0.000116384086
2023-10-03,0.0062647347981679,-0.00081162865
2023-10-04,-0.0112523147140454,-0.0011849921
2023-10-05,-0.0036909531126058,-0.0031324383
2023-10-06,0.0073685438858218,-0.0018925751
2023-10-10,-0.0026253490346901,0.00065004156
2023-10-11,-0.015364697165956,0.00093350443
2023-10-12,-0.0058901936225307,0.0003668099
2023-10-13,-0.0121573217884219,0.0006258757
2023-10-16,-0.000815898649618,0.00027824537
2023-10-17,0.0127046140916494,-0.0010810142
2023-10-18,-0.0132486978449825,-0.007288067
2023-10-19,-0.0049113300898105,0.0007711247
2023-10-20,-0.000820923590588,0.0003668099
2023-10-23,0.0103486456874146,-0.00027246776
2023-10-24,-0.005705667382262,-0.0021838276
2023-10-25,0.0092215640862402,0.00010089531
2023-10-26,0.0173964169300167,-0.00079613976
2023-10-27,0.0282519274092605,-0.0011849921
2023-10-30,-0.0018071217320947,-0.0002624822
2023-10-31,-0.0067411278692157,-0.0006508908
2023-11-01,-0.0094092638248324,0.00065004156
2023-11-02,0.0070652611252333,-0.0031224275
2023-11-06,-0.0002608308068019,0.0027741923
2023-11-07,0.0262563890470632,0.00044419267
2023-11-08,0.0083491729271856,0.00058944157
2023-11-09,-0.0096202992626928,-0.00085346616
2023-11-10,0.0012711263355071,0.0009900503
2023-11-13,0.0123723315406603,0.0001554575
2023-11-14,-0.0062932551463337,0.00086862466
2023-11-15,-0.0020221537681266,-0.00050323014
2023-11-16,0.0005059219248899,-0.0007068259
2023-11-17,-0.0040547644541639,-0.001143499
2023-11-20,0.0083448484110584,-0.00050323014
2023-11-21,-0.005808720031344,-0.000609398
2023-11-22,0.0020243021717687,-0.000609398
2023-11-24,0.0042879197984569,-0.00075464696
2023-11-27,-0.0113911316319346,-0.0026588242
2023-11-28,-0.0061284446021822,-0.0025526565
2023-11-29,-0.0012815518715599,-0.0016912434
2023-11-30,0.0048610406489595,-0.0031929251
2023-12-01,-0.0043483464068787,0.0023215932
2023-12-04,0.0058786018334155,-0.0011621923
2023-12-05,0.000254746810899,0.0006895583
2023-12-06,0.0098872767004376,0.0005443093
2023-12-07,0.0145257222659688,0.0005891323
2023-12-08,-0.0059849846019035,-0.00017483109
2023-12-11,-0.0005004531628323,-0.0002752571
2023-12-12,0.0084725322397202,-0.000708932
2023-12-13,-0.0181657006238758,-6.8663336e-05
2023-12-14,0.0186206724297529,-0.00147755
2023-12-15,-0.0048131963337379,-0.001134556
2023-12-18,0.0136193244970247,-0.00032008003
2023-12-19,0.0077356350279756,-6.8663336e-05
2023-12-20,-0.0004973284388064,-0.00019928432
2023-12-21,-0.0206037950694054,8.921037e-05
2023-12-22,0.0012685144705027,-0.00017483109
2023-12-27,-0.0114750798223294,-6.8663336e-05
2023-12-28,-0.0023111456154135,-6.8663336e-05
2023-12-29,0.0041047933874559,-0.00032008003
2024-01-04,0.0035777733891769,0.0050493916
2024-01-05,-0.0245331561450747,-0.000708932
2024-01-09,-0.0150141543999143,-0.0011731157
2024-01-10,0.0081935196402932,-0.00032008003
2024-01-11,0.0104739318654838,0.00019892829
2024-01-12,-0.0088958210322691,0.00019892829
2024-01-16,0.0086353721103525,0.002677156
2024-01-17,0.0111414450315013,-0.0012623091
2024-01-18,0.0012874596845027,0.00069560943
2024-01-19,0.0007717012173807,0.00069560943
2024-01-22,0.0005141030457426,9.088245e-05
2024-01-23,-0.0079989114814212,-0.0033727738
2024-01-24,-0.0054553485757896,-0.0051660384
2024-01-25,0.0095917749884528,0.00029599652
2024-01-26,-0.0028418649361672,0.00029599652
2024-01-29,0.0012927858486696,5.5340766e-05
2024-01-30,0.0224843846287532,-0.005272208
2024-01-31,0.0012624287863768,-0.005272208
2024-02-01,-0.005566827131046,-0.001685192
2024-02-02,0.004304398344669,-0.0058063082
2024-02-05,-0.0111790002014522,-0.00013366158
2024-02-06,0.0142061362346801,0.0019131681
2024-02-07,0.0047744925682961,-0.001143499
2024-02-08,0.0047519034636376,-0.000609398
2024-02-09,0.0014957823121852,0.0010633176
2024-02-13,0.0017424033921694,-0.0014057695
2024-02-14,0.0101447629521045,0.0007957261
2024-02-15,-0.0049357924380518,0.0005891323
2024-02-16,0.0019773192808649,0.000691031
2024-02-20,-0.0131727155611496,0.0001554575
2024-02-21,0.0005002152233152,-0.000708932
2024-02-22,0.0121784882278026,-6.8663336e-05
2024-02-26,-0.0022257866480368,-0.001134556
2024-02-27,-0.0089530211537152,-0.000708932
2024-02-28,0.0143851443126071,-0.00019928432
2024-02-29,0.0061372557007559,-0.000708932
2024-03-01,-0.0009794603341901,-6.8663336e-05
2024-03-04,0.0022024623161174,-0.00017483109
2024-03-05,0.0109395592061863,-0.00093539944
2024-03-06,-0.0031480074872727,-6.8663336e-05
2024-03-07,-0.0051063738342785,-0.0002752571
2024-03-08,-0.006113243689263,-0.00017483109
2024-03-11,0.0017154052908456,-0.000708932
2024-03-12,-0.0049091385121544,-6.8663336e-05
2024-03-13,0.0124711707812421,-0.00017483109
2024-03-14,-0.0070723737372328,-0.00052069523
2024-03-15,0.0007339420837492,-0.0011789766
2024-03-18,-0.0007339420837491,-0.000708932
2024-03-19,0.0017117264646317,-0.00052069523
2024-03-21,0.0036581760149747,-5.2137497e-05
2024-03-22,0.0048565890416797,-0.0013861413
2024-03-25,0.0007264773907976,-0.00040771134
2024-03-26,-0.0036376761785168,-0.00040771134
2024-03-27,0.0021841932438078,6.99604e-05
2024-03-28,0.0065241955704228,0.0006731165
2024-04-02,0.0067210110521558,0.0001989312
2024-04-03,-0.0137301388991125,-0.00063596346
2024-04-04,0.0060453395811048,0.0007875853
2024-04-05,-0.0231691071146897,0.00055818853
2024-04-08,-0.006435608003514,0.00032650554
2024-04-09,-0.0132485512195078,0.0010317668
2024-04-10,-0.0007551890066177,3.8622606e-05
2024-04-11,0.0040211334125511,-0.0010949118
2024-04-12,-0.0040211334125512,0.002207355
2024-04-15,0.0107702887737169,-0.00017483109
2024-04-16,0.0081876809218995,-0.0016676947
2024-04-17,0.0034533366660108,-0.0008090488
2024-04-18,0.0022138389147209,0.00036161716
2024-04-19,0.0114816653117528,-0.0004201968
2024-04-22,-0.0043816838787427,-0.0003592113
2024-04-23,0.0009753039822765,-0.00016878007
2024-04-24,0.0255067028184896,9.881152e-05
2024-04-25,0.0042674150384289,-0.00060624327
2024-04-26,0.0002364833123535,-0.00016878007
2024-04-30,0.0030701346535184,-0.00027494787
2024-05-01,0.0021198840419209,-0.00050434464
2024-05-02,0.0075012390435757,0.0012978495
2024-05-07,0.005356895853827,0.00019892829
2024-05-08,0.0106285544262828,-0.000708932
2024-05-09,0.0020663455147465,0.0018397677
2024-05-10,0.0043484335313915,-0.002070856
2024-05-13,-0.003660509055872,-0.0007115967
2024-05-14,-0.0062076050509556,-0.001637181
2024-05-15,-0.0032340538229454,-0.00030110092
2024-05-16,-0.0074314647809881,-0.0011340468
2024-05-17,0.0027931949511439,0.00064323656
2024-05-20,-0.0013956681335459,-0.0016603889
2024-05-21,-0.01500963401735,-0.006351589
2024-05-22,-0.0028396486549363,-0.0006112498
2024-05-23,-0.0097630749228011,-0.00042475766
2024-05-24,0.0104737200604933,-0.0011773615
2024-05-28,-0.0140695384956742,-0.0016820041
2024-05-29,0.0159621890645453,-0.00022393544
2024-05-30,0.0049511620033498,-0.0016820041
2024-05-31,-0.0113530553842409,-0.0021275568
2024-06-03,0.0059290198299508,-0.0016210187
2024-06-04,-0.0033387528073118,-0.00019928432
2024-06-05,0.0099832794689635,-0.00047240278
2024-06-06,-0.0023679072827446,-1.2451506e-05
2024-06-07,0.0011847008874774,-0.00092953857
2024-06-10,0.0063732075955534,-1.2451506e-05
2024-06-11,0.0091346031743055,3.7417783e-05
2024-06-12,-0.0016333884534924,-0.00026308082
2024-06-13,-0.0035092984589717,-0.00080178294
2024-06-14,0.0,-0.0013796374
2024-06-17,-0.0023462394559075,-0.00036627817
2024-06-18,-0.0021164338997775,-8.412423e-05
2024-06-20,0.0007060064945382,-0.004358846
2024-06-21,0.0018800974977742,-0.002845573
2024-06-24,0.0023452307938982,-0.005239067
2024-06-25,0.003040637028446,-0.002845573
2024-06-26,0.0146055097322109,-0.003969994
2024-06-27,0.0041341958770066,-0.004358846
2024-06-28,0.0002291572288467,-0.0033534998
2024-07-01,0.0041161438320564,-0.0033534998
2024-07-02,0.0056889783540386,-0.0033534998
2024-07-03,0.0058823868438562,-0.0030299046
2024-07-05,0.0040521172743866,-0.0043312064
2024-07-08,-0.0049548710970778,-0.0048502153
2024-07-09,-0.016390049573108,-0.0028701266
2024-07-10,-0.0094547374381976,-0.0045425864
2024-07-11,-0.0097788203466502,-0.0027576794
2024-07-12,0.008387687004465,-0.0026971593
2024-07-16,-0.0088557083077019,-0.004628828
2024-07-17,-0.0146195953855024,-0.004795935
2024-07-18,-0.0040461662818407,-0.004801796
2024-07-19,0.0102029643797995,-0.010618936
2024-07-22,-0.003310423782102,-0.00030314957
2024-07-23,-0.0045104386285128,-0.00424258
2024-07-24,0.0216529986972454,-0.0037427463
2024-07-25,-0.0176164399217333,-0.0038971435
2024-07-26,-0.0143200452967066,-1.1273325e-05
2024-07-29,-0.0287754734138083,-0.0038971435
2024-07-30,0.00567419622216,-0.0038971435
2024-07-31,0.0061312629805088,0.0014280996
2024-08-01,0.0224837024653724,-0.0006113374
2024-08-02,0.0054834541214755,-0.0013262716
2024-08-05,0.0143987160005419,0.0049691703
2024-08-06,-0.0054046683273895,0.00037587856
2024-08-07,0.0110136132385149,0.00037587856
2024-08-08,0.0115849075782954,-0.002327142
2024-08-09,0.009628705745651,-1.0553995e-05
2024-08-13,-0.0077874616026913,0.00044272598
2024-08-14,0.0039012216433852,-0.0011267292
2024-08-15,-0.0124454262270171,-4.0772436e-05
2024-08-16,0.0165597778644635,-4.0772436e-05
2024-08-19,-0.0070964009212706,5.934426e-05
2024-08-20,-0.0062219362248367,-0.00019207259
2024-08-21,0.0004622710807484,0.0003269358
2024-08-22,0.0020773536900747,3.1375825e-05
2024-08-23,-0.0200286243990748,-0.00048536411
2024-08-27,-0.0002352494006944,-0.00019207259
2024-08-28,0.0014107590125082,-0.00019207259
2024-08-29,-0.0184971429582732,-0.00058092445
2024-08-30,0.0083423693941795,-0.00058092445
2024-09-03,-0.0038050025217968,-0.005265603
2024-09-04,0.0073590158730955,-0.00058092445
2024-09-05,0.0082442107835505,-0.00058092445
2024-09-06,0.0046805881362564,0.00075303816
2024-09-09,0.0044262850645771,-4.0772436e-05
2024-09-10,-0.003492955106389,-0.00029218936
2024-09-11,0.0210048283256053,0.0006782181
2024-09-12,-0.0020577896875164,-4.0772436e-05
2024-09-13,0.0412522039024501,-0.00024736632
2024-09-17,-0.0105984760047774,-5.0474344e-05
2024-09-18,0.0359712217637286,-0.00029218936
2024-09-19,-0.0019290824324306,-0.00034439523
2024-09-20,-0.0162218440221867,0.0011068836
2024-09-24,0.0071700383594591,0.0042644776
2024-09-25,0.0195096079877965,-0.0010553668
2024-09-26,-0.0119607300452161,0.0064012646
2024-09-27,0.0091969459094582,0.0003558847
2024-09-30,0.0082688727185585,0.0003351285
2024-10-01,-0.025014696570597,0.0012631303
2024-10-02,-0.0054271593903377,0.0018751349
2024-10-03,0.0019571041319348,0.0014316442
2024-10-04,0.0071437371973979,0.00084545277
2024-10-07,-0.0255612272603304,0.0020286427
2024-10-08,0.0077153690464404,0.0045405217
2024-10-09,-0.0015383534581552,0.0010612522
2024-10-10,0.0098479566186129,0.0006724004
2024-10-11,-0.0069930426735797,0.0017953704
2024-10-15,-0.0021954035888213,0.0040656994
2024-10-16,-0.0059517432855201,0.0010897274
2024-10-17,-0.0015488187246072,3.847309e-05
2024-10-18,-0.0008861546965289,0.0005393785
2024-10-21,0.0044228551726295,3.847309e-05
2024-10-22,-0.0030939607755294,3.847309e-05
2024-10-23,-0.0097864558864101,0.0001854167
2024-10-24,-0.0065030498775376,-0.00020343508
2024-10-25,0.0008995057728812,-0.00020343508
2024-10-28,0.0191457396246075,0.00067662034
2024-10-29,-0.0124253322799584,-0.00020343508
2024-10-30,0.0218623885185775,0.0005549058
2024-10-31,-0.0249929298293828,-0.00016927533
2024-11-01,-0.0076439848866935,-0.00074712955
2024-11-05,-0.0191392928117587,-0.0012984629
2024-11-06,-0.0064621325035367,5.4173204e-05
2024-11-07,-0.0055722989324031,0.0010022438
2024-11-08,0.0,0.0049670483
2024-11-11,0.0113440219262908,-0.00029218936
2024-11-12,-0.0006907962790598,-0.0011055672
2024-11-13,-0.0011524789636493,0.0007538834
2024-11-14,-0.002077833247901,0.00032659355
2024-11-15,0.0002310635699826,-0.0011637848
2024-11-18,0.0006930514073999,-5.22727e-05
2024-11-19,-0.0041648959323597,-0.00014240405
2024-11-20,0.0013901664516996,-0.0009747825
2024-11-21,0.0016194069925117,0.0002709981
2024-11-22,0.003922103593119,0.0011565525
2024-11-25,0.0020700962376957,0.00013517184
2024-11-26,0.0025244714702699,0.00071302603
2024-11-27,0.0066246884303103,-0.0014862099
2024-11-29,-0.0015950522501012,-0.0014862099
2024-12-02,0.0203168462599655,-0.00038934697
2024-12-03,-0.0162202852635138,-0.00018187796
2024-12-04,0.0040797590359544,0.00024541182
2024-12-05,-0.0049885776015256,-0.0022409132
2024-12-06,0.0009088185655712,-0.001275432
2024-12-09,-0.0054656998703409,0.0015611718
2024-12-10,-0.0023947300543447,0.00020028568
2024-12-11,-0.0235526812876675,0.0015257751
2024-12-12,0.0033309537588675,0.001006767
2024-12-13,0.0040298828075925,0.00061791507
2024-12-16,0.0056617349298586,-0.00023642671
2024-12-17,0.0030534601383383,0.001006767
2024-12-18,-0.0080057113160504,0.0033093798
2024-12-19,-0.0080703203186065,0.0016036355
