Date,y_val,y_pred
2022-01-04,-0.012100422607802,0.010710625
2022-01-05,-0.0081490894602534,-0.00063053175
2022-01-06,0.0350308520434789,-0.004892438
2022-01-07,0.0511522313213985,-0.004892438
2022-01-11,-0.0205857688076922,0.0008348455
2022-01-12,0.0032786492796716,-0.00036074538
2022-01-13,-0.0480539195390105,-0.00036074538
2022-01-14,-0.0068925974984375,-0.006645954
2022-01-18,0.027289912958193,-0.0053177425
2022-01-19,0.0358066654524451,0.0031808522
2022-01-20,-0.0224359657504269,0.0008215156
2022-01-21,-0.0139317357601735,0.0033668727
2022-01-24,0.0,-0.00032443745
2022-01-25,0.0100503398672822,-0.0011274067
2022-01-26,-0.0190695178687366,-0.0031997382
2022-01-27,0.0339581688591929,0.0042803697
2022-01-28,0.0548446863379246,0.001833916
2022-01-31,-0.0072802917111966,-0.0014512076
2022-02-01,0.0196388676399908,-0.0016523855
2022-02-02,-0.012876807362602,0.0025045283
2022-02-03,0.0515264885192545,-0.003724717
2022-02-04,-0.017383029134913,-0.0036843682
2022-02-07,0.024252623112237,0.0013089372
2022-02-08,0.0009774463328432,-0.0011274067
2022-02-09,-0.0373270155038936,0.001833916
2022-02-10,-0.02049250061527,-0.008833602
2022-02-14,0.0082474247051846,0.0063069896
2022-02-15,0.0107226087332616,-0.0007659888
2022-02-16,0.008596745876426,-0.00056481076
2022-02-17,-0.0769005979688484,0.0072657904
2022-02-18,-0.0744844844933974,0.0053392057
2022-02-22,0.0885236043406907,-0.0011274067
2022-02-24,-0.0113239429012742,-0.0011274067
2022-02-25,-0.067289956342747,-0.0011274067
2022-02-28,0.0155399210260526,-0.010772802
2022-03-01,0.066820286856344,-0.000111543304
2022-03-02,0.039795814873492,0.005215221
2022-03-03,0.0318288882856474,0.0014686483
2022-03-04,-0.0034869124820216,-0.0016287089
2022-03-07,0.0656607205295942,-0.0016234722
2022-03-08,0.0093023833781012,-0.0040273634
2022-03-09,0.0128796065643325,-0.0027192058
2022-03-10,0.0018264610624562,-0.0033421533
2022-03-11,-0.0202771515247083,-0.0023897649
2022-03-14,0.0996177605342625,-0.0071637994
2022-03-15,-0.0221567680440481,-0.005791332
2022-03-16,0.0085800527038143,-0.0052663535
2022-03-17,0.0625074195275836,-0.0050651757
2022-03-18,-0.0060374925189966,0.0024739322
2022-03-22,-0.0315793726468698,0.006554694
2022-03-23,-0.0176549579885844,0.002436592
2022-03-24,-0.0132339765842465,-0.0049049356
2022-03-25,0.0212593851790618,-0.0068862587
2022-03-28,0.0146170266543627,-0.004703758
2022-03-29,0.0579872799256939,0.0019390155
2022-03-30,0.0205234594498698,0.0011857295
2022-03-31,0.0163470598976335,0.0011857295
2022-04-01,0.0227410018469276,-0.0049049356
2022-04-04,0.0243958619400489,-0.0049049356
2022-04-05,-0.019982524293112,-0.0067522153
2022-04-06,-0.0140430499976095,-0.0049049356
2022-04-07,0.0511444291942028,-0.0049049356
2022-04-08,0.029613742329909,-0.0049049356
2022-04-11,-0.0253794926934456,-0.0049049356
2022-04-12,0.0267516878968711,0.0023813206
2022-04-13,-0.0037781794862899,-0.00046306814
2022-04-14,-0.0279152548733599,-0.004771623
2022-04-19,-0.019293167325614,-0.0022618102
2022-04-20,0.0164583330644767,0.005301866
2022-04-21,0.0158425555757757,-0.0007659888
2022-04-22,0.0869240515716611,-0.001329798
2022-04-25,-0.0141891806711386,0.002206902
2022-04-26,-0.0283286286365437,0.0040510036
2022-04-27,-0.0243502143553194,-0.0007659888
2022-04-28,-0.0362535669632378,-0.0007659888
2022-05-06,0.04103497603584,0.014420839
2022-05-09,-0.0199593167294952,0.0022692005
2022-05-10,0.0311401864007858,0.0022692005
2022-05-11,-0.0280168715223433,0.0022692005
2022-05-12,-0.010799582144405,0.0028467984
2022-05-13,-0.0241061225044684,-0.0031063778
2022-05-16,0.0255061747145863,0.0028108605
2022-05-17,-0.0352412257251052,-0.0025519647
2022-05-18,-0.0039934407249309,0.003138859
2022-05-19,0.0025431328281955,0.0017022254
2022-05-20,-0.0047281452958946,0.0068108174
2022-05-23,0.03615932440473,-0.0011274067
2022-05-24,0.0301321122906878,0.0022124676
2022-05-25,0.0358557795555756,-0.0007916916
2022-05-26,-0.0219643516247067,-0.0007916916
2022-05-27,0.01899745882073,-0.0007916916
2022-05-31,0.0049398640214712,-0.0030248521
2022-06-01,0.0361329604031657,-0.00033033744
2022-06-06,0.0644197061163769,-0.0031588958
2022-06-07,0.034168925814695,0.0017893641
2022-06-08,-0.0255902474912641,-0.0016205154
2022-06-09,-0.0262623450400942,-0.0014193373
2022-06-10,-0.0207767448418696,-0.009326711
2022-06-13,0.0207767448418697,0.008230636
2022-06-14,-0.0467360393997134,-0.0019290175
2022-06-15,-0.0282794619583917,0.003138859
2022-06-16,0.0184083741940158,0.003138859
2022-06-17,0.0218397683959543,0.003138859
2022-06-21,0.0037500305647964,-0.0012590974
2022-06-22,-0.0358826094128348,0.0012043583
2022-06-23,-0.0399063850289068,0.003138859
2022-06-24,-0.0283246873500172,-0.0012590974
2022-06-27,-0.0280818468031428,-0.0012590974
2022-06-28,0.0363549610902727,0.0011980655
2022-06-29,0.0320918572021403,0.001825302
2022-06-30,0.0304492910294726,0.001825302
2022-07-01,-0.0361169042722553,0.0023210784
2022-07-05,-0.0110944130147323,0.0016108884
2022-07-06,-0.0184242335201505,-0.0057110977
2022-07-07,0.0191001691544988,-0.0052503785
2022-07-08,-0.0101868354104559,-0.001045643
2022-07-11,0.0299232226015826,-0.002043631
2022-07-12,0.0056151955165047,0.00050938124
2022-07-13,-0.0423877532526084,0.0008338874
2022-07-14,-0.044623630876157,-0.002127435
2022-07-15,0.0132073814749295,-0.00065195054
2022-07-19,-0.0117711339930193,-0.0026422632
2022-07-20,-0.0192000008423635,-0.0019262574
2022-07-21,-0.0195758693223454,0.0007649385
2022-07-22,-0.0146536661799994,0.002871004
2022-07-25,-0.0137197327302593,-0.0025543182
2022-07-26,0.050506336148044,0.00048853684
2022-07-27,0.0025505459925708,-0.0010458346
2022-07-28,-0.0265501538927152,-0.0010458346
2022-07-29,0.0594808354938732,-0.0012875717
2022-08-01,-0.0267633490367164,0.0027882026
2022-08-02,0.0115067167561411,-0.004253279
2022-08-03,-0.0039405095205184,-0.0031312716
2022-08-04,0.0223611673320634,0.0008442448
2022-08-05,-0.0205681325645948,-0.005364434
2022-08-08,0.011754362838361,-0.0003998562
2022-08-09,0.0241397093396482,-0.0036647592
2022-08-10,-0.0045036532111414,-0.0034635812
2022-08-12,0.0371485768567911,-0.0021303878
2022-08-15,0.015931255853387,0.00038748133
2022-08-16,0.0055820077258392,-0.0021303878
2022-08-17,0.0168835332118085,-0.001703505
2022-08-18,-0.0260940846021041,-0.0015023272
2022-08-19,0.0029698298617484,-0.0052871676
2022-08-22,0.0244112396681423,-0.0015773774
2022-08-23,0.007368286635333,-0.0013761995
2022-08-24,0.0412688157630803,-0.0014167997
2022-08-25,-0.0222988566341854,0.0023210784
2022-08-26,0.0450098430666736,-0.0012156217
2022-08-30,-0.0227109864324881,-0.0016205154
2022-08-31,0.0082355047587951,-0.0014193373
2022-09-01,0.008770672642644,-0.0036524984
2022-09-02,0.0122700593227215,0.0044270605
2022-09-06,0.0176891238219114,-0.0038533881
2022-09-07,-0.0029265431043183,0.0031117059
2022-09-08,0.0136809496371072,-0.0020061077
2022-09-09,-0.0031852224119326,-0.0020061077
2022-09-12,0.035051356861402,-0.0020061077
2022-09-13,-0.0172296616258864,-0.0020061077
2022-09-14,0.0548765980256191,-0.0004249945
2022-09-15,0.0448269294443077,-0.0020061077
2022-09-16,0.0219340508688874,-0.0004249945
2022-09-20,-0.067570374943676,-0.0038533881
2022-09-21,0.0112722760562896,0.0031117059
2022-09-22,0.0150976043978471,0.0019827213
2022-09-26,-0.0410520096675111,-0.0038533881
2022-09-27,-0.0093561274967964,-0.0020061077
2022-09-28,0.0385079998808008,-0.011214018
2022-09-29,0.0176668832107413,-0.0020061077
2022-09-30,0.0147881596872018,-0.0020061077
2022-10-03,0.0143188321636756,0.0020740172
2022-10-04,-0.0094376268963616,0.002362304
2022-10-05,0.0127325257797781,-0.0031063778
2022-10-06,0.0145695431246835,-0.0012590974
2022-10-07,0.0012460157485846,-0.0012590974
2022-10-11,-0.0042431014433265,-0.0012590974
2022-10-12,0.0317565029445216,0.002362304
2022-10-13,0.0237051638302194,-0.0012590974
2022-10-14,-0.0030809390359177,-0.0012590974
2022-10-17,0.0049722809246059,-0.0018049299
2022-10-18,-0.0302109775859248,-0.0004249945
2022-10-19,-0.0228989296341779,-0.0020812657
2022-10-20,-0.0196182929783421,-0.0020061077
2022-10-21,0.0183722772297574,-0.0018049299
2022-10-24,0.0165701600603989,-0.0018049299
2022-10-25,-0.0061508607729748,0.0028196448
2022-10-26,0.0017260439323443,0.0031117059
2022-10-27,0.0236164646645472,0.002783707
2022-10-28,0.0138592625108223,-0.0020061077
2022-10-31,-0.0211039717087868,-0.0020061077
2022-11-01,0.0060408775022063,-0.0004249945
2022-11-02,-0.0807456030859053,-0.0018049299
2022-11-04,-0.0041874001276947,-0.003317512
2022-11-07,0.01354541313565,-0.0020061077
2022-11-08,-0.0172238037745018,0.0031117059
2022-11-09,-0.0285695878561059,-0.0018049299
2022-11-10,0.0222321150876436,-0.005950982
2022-11-11,0.0113263378219387,-0.0014193373
2022-11-14,0.0018317339590078,-0.0014167997
2022-11-15,-0.0176716061609081,0.0012828899
2022-11-16,-0.0179894536701132,0.0022462192
2022-11-17,0.0032459005606186,-0.003438839
2022-11-18,0.0120790189657601,-0.002127435
2022-11-21,-0.0120790189657601,-0.0019262574
2022-11-22,-0.0481287633502888,0.0008338874
2022-11-25,-0.0065387586565647,6.460655e-05
2022-11-28,0.0261802242697246,-0.0023531402
2022-11-29,-0.0241856461959675,-0.0025543182
2022-11-30,-0.0303447698129334,-0.001469765
2022-12-01,0.0240626033645661,-0.00093435915
2022-12-02,0.0215366716866399,-0.001711502
2022-12-05,0.0122598774182803,-0.004933741
2022-12-06,-0.0309361379277969,0.0037490546
2022-12-07,0.0005711289346533,0.00016669204
2022-12-08,-0.015245505340105,-0.003434583
2022-12-09,0.0092326288000201,-0.003434583
2022-12-12,0.0280352423852578,-0.0007784266
2022-12-13,0.028357006485055,0.0016696089
2022-12-14,0.0,-0.0005772487
2022-12-15,-0.0040800015950168,0.00385011
2022-12-16,0.0221033308371517,-0.0007784266
2022-12-19,0.0356152216837569,-0.004933741
2022-12-20,-0.0134682286945813,-0.0052660503
2022-12-21,0.0114079304153425,-0.0038875116
2022-12-22,-0.0448150468477403,-0.0023531402
2022-12-23,0.0029613476420959,-0.003082169
2022-12-28,-0.0414382298646906,-0.0057110977
2022-12-29,0.0144647988943698,0.0012828899
2022-12-30,-0.0186765431803802,-0.0015773774
2023-01-04,-0.0299894021575009,0.0015299115
2023-01-05,0.0178165741587956,-0.0013761995
2023-01-06,0.0068124498022161,0.00054221536
2023-01-10,-0.046317999304294,-0.001708175
2023-01-11,0.0064973867516857,0.0010608303
2023-01-12,0.025288338607267,0.0007687695
2023-01-13,0.0116994136353759,-0.0010090664
2023-01-17,-0.0160140661903976,-0.0023531402
2023-01-18,-0.0020199712269559,-0.00093435915
2023-01-19,0.0089145486600079,-0.0038875116
2023-01-20,0.0071316397659504,-0.0054000937
2023-01-23,0.0093366729355834,-0.0040886896
2023-01-24,-0.0062147301388718,-0.0015708206
2023-01-25,-0.0381218460479595,-0.0038875116
2023-01-26,-0.0002944695860697,-0.0040886896
2023-01-27,0.0392660596122648,-0.0023531402
2023-01-30,0.0284696861920523,-0.0025543182
2023-01-31,0.0109470062474273,-0.00089831394
2023-02-01,-0.0057322138786495,-0.0012612332
2023-02-02,0.0081788816221611,-0.0023531402
2023-02-03,0.0164268861222691,-0.0045863017
2023-02-06,-0.0072376540399516,-0.0026422632
2023-02-07,0.0117679643135522,-0.002127435
2023-02-08,0.0126818338212147,-0.0034779361
2023-02-09,0.0088866032054574,-0.0015773774
2023-02-10,-0.0039108031797518,-0.0015773774
2023-02-13,0.0326380904009566,0.0015272452
2023-02-14,-0.0081238899056788,-0.0014167997
2023-02-15,0.0066056603353667,-0.0014167997
2023-02-16,-0.0068606420921804,-0.0016205154
2023-02-17,-0.0015310138481571,-0.0014193373
2023-02-21,0.0197225280689841,-0.0030577367
2023-02-22,0.0195865929398483,0.0036730077
2023-02-24,-0.027126204327727,-0.0018049299
2023-02-27,0.0047817011562589,0.002783707
2023-02-28,-0.0020105901413387,-0.0004249945
2023-03-01,0.0002515824293109,-0.0020061077
2023-03-02,-0.0129099674581448,-0.0020061077
2023-03-03,-0.060385802752391,0.0023389247
2023-03-06,-0.0499409812259198,-0.0018049299
2023-03-07,0.034394528134297,-0.0004249945
2023-03-08,-0.0409594157692028,-0.0018049299
2023-03-09,0.0262838172198639,0.004001006
2023-03-10,-0.0544547292997526,-0.008870583
2023-03-13,0.0250158380946785,0.0012562365
2023-03-14,0.0054433750081407,-0.0036093602
2023-03-15,-0.0272244159346949,-7.842602e-06
2023-03-16,-0.0076628092074863,-0.0033047954
2023-03-17,0.0428554277698913,0.0020496517
2023-03-20,0.0101523079807505,-0.0054000937
2023-03-22,0.0005610360581552,-0.0038875116
2023-03-23,-0.0042152278989733,-0.00032671975
2023-03-24,-0.016182087560782,0.0023642725
2023-03-27,-0.0184869190616387,-0.0046772095
2023-03-28,-0.0274881128796008,-0.00375638
2023-03-29,-0.0150968910672872,-0.003555202
2023-03-30,0.0003042329854879,-0.0038875116
2023-03-31,0.043446257239539,-0.001469765
2023-04-03,-0.0037928598081782,-0.001469765
2023-04-04,0.0090208379313783,-0.00032671975
2023-04-05,0.0200752861526413,0.0023642725
2023-04-06,0.0194017063575469,-0.0005772487
2023-04-11,-0.0053050670622535,-0.0046772095
2023-04-12,0.0083635757343763,0.001432363
2023-04-13,-0.0159510647185846,-0.00375638
2023-04-14,0.0070273955863962,-0.0040886896
2023-04-17,-0.0155260219847079,-0.0025543182
2023-04-18,-0.034441313617234,-0.0023531402
2023-04-19,0.0105449173496816,-0.002127435
2023-04-20,0.0275880122832872,0.0010608303
2023-04-21,-0.0217774260811495,-0.0019262574
2023-04-24,-0.003773045205313,0.0010608303
2023-04-25,0.023564314334387,-0.0012647334
2023-04-26,-0.0235643143343871,-0.002127435
2023-04-27,-0.0122879887604364,-0.0033047954
2023-04-28,0.0192425714182633,0.0010608303
2023-05-02,0.012910762654939,-0.0019262574
2023-05-09,0.0116198355016029,-0.0033047954
2023-05-10,0.008976235398929,0.0010608303
2023-05-11,0.0185369566850194,0.0007328317
2023-05-12,0.0119892201413072,-0.002127435
2023-05-15,0.0072865492485903,-0.002127435
2023-05-16,-0.0056627215385795,-0.002127435
2023-05-17,0.0056627215385795,-0.003679114
2023-05-18,0.0252236365481863,-0.0015773774
2023-05-19,-0.0010493045529003,-0.0015773774
2023-05-22,-0.0292963415824468,-0.0012156217
2023-05-23,-0.0171736434579373,-0.0012156217
2023-05-24,-0.0080055757778244,-0.0012156217
2023-05-25,0.022743806611901,-0.0027978763
2023-05-26,0.0005417371321639,-0.0014193373
2023-05-30,0.0016233238347261,0.0013445815
2023-05-31,0.0227191491385726,0.0021173628
2023-06-01,-0.0186721706836525,0.0015445232
2023-06-02,0.0083121270752407,-0.0025941606
2023-06-05,0.0053263027039914,-0.0012156217
2023-06-06,0.0194640234259663,-0.0012156217
2023-06-07,-0.0112640307882104,-0.0025941606
2023-06-08,-0.0180760048827486,0.0023210784
2023-06-09,0.010937851584883,-0.0014167997
2023-06-12,-0.0106696027065067,-0.0012156217
2023-06-13,-0.0016103175374655,-0.0029319199
2023-06-14,0.0202080725215769,0.0021173628
2023-06-15,-0.0159196628020951,0.0023210784
2023-06-16,-0.0053633758054205,-0.0014167997
2023-06-20,0.0130894847236887,0.00199308
2023-06-21,-0.0155124399469725,-0.0012156217
2023-06-22,0.0380797068458779,-0.0025941606
2023-06-23,-0.0091229840057354,0.0023210784
2023-06-26,0.0101603151239947,-0.0012156217
2023-06-27,0.0223000125101758,-0.0014167997
2023-06-28,0.0240432213445248,0.0041867634
2023-06-29,0.00222476949309,-0.0034487827
2023-06-30,-0.0109236804951428,0.0015445232
2023-07-03,-0.0065114236296523,-0.0014167997
2023-07-05,-0.0303555909984592,-0.0025941606
2023-07-06,-0.0262413754089851,-0.0027978763
2023-07-07,0.0153037520604539,-0.0014193373
2023-07-10,-0.0078864686441868,-0.0037415528
2023-07-11,-0.0124818857210654,-0.0048605055
2023-07-12,0.0294913383709877,0.0010525208
2023-07-13,-0.0044208103198583,0.0021173628
2023-07-14,0.0051989249749744,-0.0014167997
2023-07-18,0.0141590286555595,0.0015445232
2023-07-19,-0.0157158638997251,0.0015272452
2023-07-20,0.0409570178593944,-0.0020922057
2023-07-21,-0.0107756917470816,-0.0013761995
2023-07-24,-0.0025227032037241,-0.0013761995
2023-07-25,0.0229722973452988,-0.0014340777
2023-07-26,0.0066428955778013,0.0016108884
2023-07-27,0.0268553839368069,-0.0034487827
2023-07-28,-0.0312791134069387,0.0015445232
2023-07-31,0.0044237294701318,-0.0012156217
2023-08-01,-0.0128333560873713,-0.0025941606
2023-08-02,-0.0034834418849229,-0.0014193373
2023-08-03,0.0168070786988042,-0.0027978763
2023-08-04,0.025170760692986,0.0010525208
2023-08-07,0.0088043824816703,-0.0014193373
2023-08-08,0.0087274293910421,0.0013408075
2023-08-09,0.0116742373781734,-0.0014193373
2023-08-10,-0.0133195473337217,-0.0016205154
2023-08-14,0.0211808408864914,-0.0027978763
2023-08-15,-0.0032295158038431,-0.0074794306
2023-08-16,-0.0304973469152586,-0.0011168071
2023-08-17,0.0087751491363272,-0.0020061077
2023-08-18,0.0009439958439537,0.0031117059
2023-08-21,-0.0279888202555843,-0.0022085009
2023-08-22,-0.0009709192024359,-0.0004249945
2023-08-23,-0.0060894343501968,0.002046864
2023-08-24,0.0193569861201368,-0.0020061077
2023-08-25,0.0225101951482741,-0.0018049299
2023-08-29,0.0051413611132688,0.0013445815
2023-08-30,-0.0070175100384492,-0.0014193373
2023-08-31,-0.0004696717271356,-0.0014193373
2023-09-01,0.007020906395632,-0.0027282042
2023-09-05,-0.005612776128422,-0.0027978763
2023-09-06,-0.0035239943588535,-0.0014193373
2023-09-07,0.0091367704872756,0.0013408075
2023-09-08,0.0078978155851519,-0.0014193373
2023-09-11,0.0098998725928065,-0.0014193373
2023-09-12,-0.0036722085032228,-0.0014193373
2023-09-13,0.0296771223317282,-0.0014193373
2023-09-14,-0.0094191806176457,-0.0016205154
2023-09-15,0.0231635333028014,-0.0016205154
2023-09-19,0.0035165467032084,-0.0016205154
2023-09-20,0.0148085980687134,-0.0014193373
2023-09-21,-0.006288604763013,-0.002135344
2023-09-22,-0.0052345087126543,0.0017893641
2023-09-25,0.0237695142710597,-0.0022941674
2023-09-26,0.0250935583949941,-0.0018049299
2023-09-27,-0.0140507524964515,-0.0020061077
2023-09-28,-0.0038087489158312,0.0021236727
2023-09-29,0.0141039939836631,0.0003515605
2023-10-02,-0.0273350441025723,-0.0031834685
2023-10-03,-0.0129732456531325,-0.0031834685
2023-10-04,0.0251437135337969,0.0023389247
2023-10-05,-0.0177715212519247,-0.0004249945
2023-10-06,0.0177715212519246,-0.0020061077
2023-10-10,0.0282475583666483,0.0015950851
2023-10-11,0.0116911769143491,0.0031117059
2023-10-12,0.0169838520304392,-0.0031834685
2023-10-13,-0.0129138460545825,0.0031117059
2023-10-16,-0.0176197898091857,-0.0020061077
2023-10-17,0.0004133771259901,-0.0031834685
2023-10-18,0.0230787152143614,-0.0020061077
2023-10-19,-0.0220462654306932,-0.0020061077
2023-10-20,0.0,0.0031117059
2023-10-23,0.0061729024111788,0.0031117059
2023-10-24,0.0,-0.0018049299
2023-10-25,-0.0177984759203519,-0.0031834685
2023-10-26,-0.0253766806766211,0.0031117059
2023-10-27,-0.0015003687813638,-0.0018049299
2023-10-30,-0.0197125580237416,-0.0018049299
2023-10-31,-0.0105565828428144,-0.0018049299
2023-11-01,0.0233814546104858,0.0031117059
2023-11-02,-0.000432130467065,0.0021173628
2023-11-06,0.0008639713339323,-0.0014193373
2023-11-07,-0.0421091608081956,0.0023210784
2023-11-08,0.0209454770463011,0.0013839455
2023-11-09,-0.0200451423355263,-0.002754738
2023-11-10,-0.0009003347107747,-0.000740869
2023-11-13,-0.0042875059667604,-0.0034779361
2023-11-14,-0.0009049118296162,-0.000751682
2023-11-15,-0.0004528711541318,-0.0029481254
2023-11-16,0.0126014792258127,0.0002915495
2023-11-17,-0.0187343663496747,-0.0023531402
2023-11-20,-0.0121491405803195,-0.0038875116
2023-11-21,-0.0151042857959569,-0.0038875116
2023-11-22,0.0187875934756234,-0.0038875116
2023-11-24,-0.0293796844228114,-0.0054000937
2023-11-27,0.0145645692016643,-0.001242822
2023-11-28,-0.0276646325485199,-0.00022566415
2023-11-29,-0.0120600091306682,0.0037490546
2023-11-30,0.0019394851753174,-0.003434583
2023-12-01,0.0277065006302855,0.0040770527
2023-12-04,-0.0014144373299242,-0.003434583
2023-12-05,-0.0078153135655451,0.0040770527
2023-12-06,-0.04200152790936,0.00385011
2023-12-07,-0.0258710711317542,-0.0005772487
2023-12-08,-0.0005090591736015,-0.003434583
2023-12-11,0.0065973400895222,0.0005205714
2023-12-12,-0.0081260135170361,0.0023642725
2023-12-13,-0.0115400274715388,0.004737618
2023-12-14,0.0043752378698118,-0.028251592
2023-12-15,0.0017960157268873,0.0018893029
2023-12-18,-0.0291307952942778,0.0018893029
2023-12-19,0.0159709824314286,0.008391326
2023-12-20,0.0041472409761668,0.009877164
2023-12-21,0.0318214457903875,0.00370869
2023-12-22,0.0126977633852329,0.00370869
2023-12-27,-0.0057064449253336,0.028478237
2023-12-28,0.0027332992648305,0.00032420235
2023-12-29,-0.0132386622742567,0.00370869
2024-01-04,-0.0068121747611015,-0.04737556
2024-01-05,0.0289441204685211,-0.0007784266
2024-01-09,0.009789594136602,0.001432363
2024-01-10,0.009212212254692,-0.0005772487
2024-01-11,0.0004824740867312,0.0037490546
2024-01-12,-0.012621538236298,-0.00022566415
2024-01-16,0.0116563571692219,-0.004603518
2024-01-17,0.0086538458787393,-0.0040886896
2024-01-18,-0.0110711128713423,-0.0025543182
2024-01-19,0.0067534937216651,-0.0019262574
2024-01-22,-0.016725579064451,0.0010608303
2024-01-23,-0.0078528169129297,-0.002127435
2024-01-24,-0.0229264981606007,-0.003679114
2024-01-25,-0.0265660814961774,0.0022462192
2024-01-26,0.0430664520402585,-0.0013761995
2024-01-29,0.0319656449982558,0.0022462192
2024-01-30,-0.0179311516354829,0.0019182205
2024-01-31,0.0048780536311368,0.00028804914
2024-02-01,0.0144929931132209,0.00028804914
2024-02-02,0.0040683846430778,-0.004159418
2024-02-05,0.0303446051107897,-0.0035646558
2024-02-06,-0.0114179931666346,0.0010608303
2024-02-07,-0.006347835431553,-0.0034779361
2024-02-08,0.0128883579373518,-0.001708175
2024-02-09,-0.0046674485027571,-0.0013761995
2024-02-13,0.0116279715864008,-0.0019489065
2024-02-14,0.0004623975787722,0.0023210784
2024-02-15,-0.0064921060392586,0.00088448834
2024-02-16,0.0037149499734072,-0.0014167997
2024-02-20,-0.0095471416276933,-0.0012156217
2024-02-21,-0.0051607697806599,-0.0016205154
2024-02-22,-0.0170782209185136,-0.0014193373
2024-02-26,0.0092868951226977,0.0009984102
2024-02-27,-0.0196271928267342,-0.0014193373
2024-02-28,-0.008008777588673,0.0013408075
2024-02-29,-0.0029282802227933,-0.0012156217
2024-03-01,-0.0007333535292441,0.0023210784
2024-03-04,0.0036616337520375,-0.0014167997
2024-03-05,0.0123503486261618,0.0041867634
2024-03-06,0.0088654472860642,0.0012828899
2024-03-07,0.0249718392920392,-0.0013761995
2024-03-08,0.0013950344344033,-0.0034779361
2024-03-11,0.0083295834555048,-0.0019262574
2024-03-12,-0.0099572944576038,-0.003438839
2024-03-13,-0.0060691183897811,-0.003679114
2024-03-14,-0.0124869037413956,-0.002754738
2024-03-15,0.0082634984637294,-0.0013761995
2024-03-18,-0.0044773437808334,-0.0015773774
2024-03-19,-0.0090155071935735,0.0023038005
2024-03-21,0.0023803277374945,-0.0012328997
2024-03-22,0.0371060949470134,0.0016108884
2024-03-25,-0.0022935221717213,-0.0015773774
2024-03-26,-0.0106187525092966,-0.0013761995
2024-03-27,0.015886087259826,0.0012828899
2024-03-28,0.0104522664980544,-0.0013761995
2024-04-02,-0.0131969176134773,-0.0036093602
2024-04-03,0.0434753126587004,-0.0012328997
2024-04-04,0.0035026897829055,0.0023210784
2024-04-05,-0.0169701347917391,-0.0025941606
2024-04-08,0.0282695963792236,-0.0014167997
2024-04-09,0.0066760532919357,0.0023210784
2024-04-10,-0.0160107016118953,-0.0036524984
2024-04-11,0.0134317007759936,-0.0014193373
2024-04-12,-0.0069099964447554,0.0021173628
2024-04-15,0.0017320580024078,-0.0022941674
2024-04-16,-0.0054224392356795,-0.0018049299
2024-04-17,0.0116757868699126,0.0031117059
2024-04-18,0.011541034695399,-0.0020061077
2024-04-19,-0.0078933108388195,0.0023351505
2024-04-22,0.0036343645546383,-0.0018049299
2024-04-23,-0.0196106022599677,-0.0004249945
2024-04-24,-0.0052366890997759,-0.0020061077
2024-04-25,-0.0239108755733025,-0.0020061077
2024-04-26,0.0064769143307131,0.002783707
2024-04-30,-0.0096187345615069,-0.0018049299
2024-05-01,0.0122866070946775,0.0031117059
2024-05-02,-0.0051197084525761,-0.007278253
2024-05-07,-0.0080663163008876,0.0013445815
2024-05-08,-0.0202257147744115,-0.0012156217
2024-05-09,0.0048093322800889,0.0015445232
2024-05-10,0.0097761882601532,-0.0014167997
2024-05-13,0.0038387134795023,-0.0012328997
2024-05-14,-0.0051971112175963,0.0013839455
2024-05-15,0.0045207990228481,0.0022462192
2024-05-16,0.0092042157802261,-0.0034779361
2024-05-17,-0.001789286337733,-0.003438839
2024-05-20,0.0166503592915966,-0.0019262574
2024-05-21,0.0178927436751297,-0.0019262574
2024-05-22,-0.01525420118223,-0.0019262574
2024-05-23,-0.0088222809883819,-0.003438839
2024-05-24,-0.025124693035348,-0.0019262574
2024-05-28,-0.0151067156193092,-0.0048564747
2024-05-29,-0.0108986426799142,-0.002754738
2024-05-30,-0.0018669542979185,0.0016108884
2024-05-31,0.0342128860657449,0.0012828899
2024-06-03,0.0087650939147482,0.000838107
2024-06-04,-0.0146514645372622,0.0010608303
2024-06-05,-0.0250616014851313,0.0007328317
2024-06-06,-0.0133601331561258,-0.0008078887
2024-06-07,-0.0059164996032034,-0.004159418
2024-06-10,0.0155443515282287,-0.002127435
2024-06-11,-0.0145953153949287,0.0010608303
2024-06-12,0.0087357841442825,0.00064471905
2024-06-13,0.0007049189593111,-3.6449077e-05
2024-06-14,-0.0021163616136391,-0.0023531402
2024-06-17,-0.0023568780200511,-0.0052660503
2024-06-18,0.0182376038169619,-0.001242822
2024-06-20,-0.0065085951825832,-0.0040886896
2024-06-21,0.0127448899427395,-0.0038875116
2024-06-24,0.0308344890449597,-0.0038875116
2024-06-25,-0.0096467874154697,-0.0038875116
2024-06-26,-0.0184284255659923,-0.0037316787
2024-06-27,-0.0192425514232481,6.460655e-05
2024-06-28,-0.0007024429749344,-0.0038657223
2024-07-01,0.0072354467705018,-0.0026422632
2024-07-02,-0.004662008442114,0.0008338874
2024-07-03,-0.0205366286363788,0.0010608303
2024-07-05,-0.0009543570510969,0.0010608303
2024-07-08,-0.0052657644283526,-0.0019262574
2024-07-09,-0.0050523165671145,-0.0019262574
2024-07-10,0.010318080995467,-0.0019262574
2024-07-11,0.0118652825475239,0.0014175004
2024-07-12,0.0049418585350133,-0.0008078887
2024-07-16,-0.0049418585350133,-0.0023531402
2024-07-17,0.0110264890648242,-0.0023531402
2024-07-18,-0.0070240826404608,-0.0025543182
2024-07-19,-0.0132452820224992,-0.0038657223
2024-07-22,-0.0052518231331919,-0.0023531402
2024-07-23,-0.0084124632628135,-0.0023531402
2024-07-24,-0.0082404534466742,-0.0017707653
2024-07-25,-0.0329034334897799,0.0008338874
2024-07-26,-0.0473827075642331,0.0010608303
2024-07-29,-0.001847689413618,-0.0008078887
2024-07-30,0.026848979975684,6.460655e-05
2024-07-31,0.0203672835377853,6.460655e-05
2024-08-01,0.0072819014006236,-0.009776324
2024-08-02,-0.0138558880067519,-0.01985481
2024-08-05,-0.0230956930325678,-0.0005772487
2024-08-06,-0.0083420882979448,-0.003434583
2024-08-07,0.0273707208326375,-0.003434583
2024-08-08,-0.0086979719431048,-0.0005772487
2024-08-09,-0.0064441147723352,0.0037490546
2024-08-13,-0.0127522934741515,0.0040770527
2024-08-14,-0.0105319459102458,0.0023642725
2024-08-15,0.021990381167491,-0.003434583
2024-08-16,-0.0143437241841557,0.00385011
2024-08-19,0.0068063151087442,0.0023642725
2024-08-20,0.0020849982523059,0.00385011
2024-08-21,0.0067462690400118,0.00385011
2024-08-22,0.0113140599272207,-0.003434583
2024-08-23,-0.0172795817811577,0.00385011
2024-08-27,-0.0199691905575176,-0.0005772487
2024-08-28,-0.0098680469235594,-0.0005772487
2024-08-29,-0.005644393023413,-0.003555202
2024-08-30,-0.0035101997242005,-0.0040886896
2024-09-03,-0.0138910360313342,-0.0015708206
2024-09-04,0.0019181285171924,-0.001242822
2024-09-05,0.0073639906581791,-0.00032671975
2024-09-06,-0.00818557659892,-0.0026434106
2024-09-09,-0.002194223414939,-0.0026434106
2024-09-10,0.0117375398058353,0.0037490546
2024-09-11,0.014815103863012,-0.0005772487
2024-09-12,-0.0032137371065136,-0.0005772487
2024-09-13,0.0021436598337707,0.00385011
2024-09-17,0.0119729614689913,0.001432363
2024-09-18,0.0026413091803,-0.004933741
2024-09-19,-0.0111406502661907,-0.004933741
2024-09-20,0.0140380990195831,-0.0038875116
2024-09-24,-0.0156398190307807,-0.0038875116
2024-09-25,0.0111584724904156,-0.0054000937
2024-09-26,0.0170272139629831,-0.0023531402
2024-09-27,0.0334599070740866,0.0002915495
2024-09-30,0.0112403022996748,-0.002186427
2024-10-01,0.0017371810967968,0.0021792
2024-10-02,0.008395091352439,-0.0033047954
2024-10-03,0.0071053298827283,-0.0033047954
2024-10-04,-0.0056311178073617,-0.0037401577
2024-10-07,-0.0086302710850589,-0.0015773774
2024-10-08,-0.0054632152460494,-0.0012156217
2024-10-09,0.0197246041384702,-0.0014167997
2024-10-10,-0.0056311178073617,-0.0014193373
2024-10-11,0.0264098218903094,-0.0006427824
2024-10-15,0.0052468127897031,0.0021173628
2024-10-16,0.008998428315434,-0.0006427824
2024-10-17,-0.0099504005464828,-0.0027978763
2024-10-18,0.0075901849337536,-0.0006427824
2024-10-21,0.010810917315766,-0.0086567905
2024-10-22,-0.0009353859572559,-0.0009156292
2024-10-23,-0.0018736244066721,-0.0020061077
2024-10-24,0.0042105621241551,0.0031117059
2024-10-25,0.0178142689703025,-0.0018049299
2024-10-28,-0.0166477893168376,-0.0020061077
2024-10-29,0.0314426548077815,-0.0004249945
2024-10-30,-0.0193915135758354,-0.0004249945
2024-10-31,-0.0080953017891789,-0.0018049299
2024-11-01,0.0004643266782078,-0.003317512
2024-11-05,0.0283772059346457,0.0023389247
2024-11-06,0.0042778524330183,-0.002680818
2024-11-07,-0.0074416829504117,0.0023389247
2024-11-08,0.0022608537382314,0.0031117059
2024-11-11,-0.0031666932033433,-0.0018049299
2024-11-12,-0.0079608851077432,-0.0031834685
2024-11-13,0.0061468490439645,-0.0018049299
2024-11-14,0.0058837060462838,0.0031117059
2024-11-15,-0.0049763307367661,-0.0018049299
2024-11-18,-0.0334325052193503,-0.0004249945
2024-11-19,0.0086378918472807,0.0031117059
2024-11-20,-0.0140451610635141,-0.0018049299
2024-11-21,-0.0152022236796748,-0.0018049299
2024-11-22,0.0042990574282878,0.0004643062
2024-11-25,0.0064140735235406,0.00030868166
2024-11-26,-0.0102345822255462,-0.0016205154
2024-11-27,0.0,0.0023210784
2024-11-29,-0.0069619308845509,0.0023210784
2024-12-02,0.0114970989544536,-0.0013761995
2024-12-03,0.0052257393519786,-0.0013761995
2024-12-04,0.0117758575321977,0.0020192764
2024-12-05,0.0123329020048713,-0.0034779361
2024-12-06,0.017196408093927,0.0008338874
2024-12-09,-0.0004548276289855,-0.0033047954
2024-12-10,-0.0027327748725539,-0.0019262574
2024-12-11,0.0245534864051853,-0.003438839
2024-12-12,0.0167700780429049,-0.0048564747
2024-12-13,-0.0101166471135157,-0.002754738
2024-12-16,0.0164422882257513,-0.0013761995
2024-12-17,-0.0017410008648661,-0.0013761995
2024-12-18,0.0060803396477427,-0.0025941606
2024-12-19,-0.0161504779481007,-0.0025941606
